,metric,value
0,f1_macro,0.9679329681550314
1,accuracy,0.9697986577181208
2,precision_macro,0.9693877551020407
3,recall_macro,0.9671020796378252
